member,epoch,train_loss,val_loss
0,1,0.02141775653704449,0.011836298741400242
0,2,0.008067236872044978,0.003943926189094782
0,3,0.001806697755396642,0.0006243964307941496
0,4,0.0005366570169485554,0.0004544658586382866
0,5,0.0004504510541015339,0.00040293927304446697
0,6,0.00040163142676465216,0.00037060960312373936
0,7,0.00037098715296532544,0.00035196015960536897
0,8,0.0003549924255348742,0.0003471527888905257
0,9,0.0003467080675462192,0.0003393647202756256
0,10,0.0003403178884095892,0.00033780807279981673
0,11,0.00033601083486616885,0.0003389015619177371
0,12,0.00033323235945189716,0.0003296316717751324
0,13,0.00033008488407358525,0.00032900122459977865
0,14,0.0003285123829350427,0.0003419969289097935
0,15,0.0003276899512857199,0.00033429768518544734
0,16,0.0003243096479025014,0.00032707504578866065
0,17,0.0003240780122836845,0.00032665280741639435
0,18,0.0003214738891132314,0.0003215662727598101
0,19,0.0003186110756963629,0.0003228452114854008
0,20,0.0003178899622677515,0.00032375671435147524
0,21,0.00031596246742022534,0.0003239577927161008
0,22,0.00031612373205522695,0.0003209379792679101
0,23,0.0003135010358894727,0.00031938435859046876
0,24,0.0003130714374732364,0.00031846543424762785
0,25,0.000311801180433206,0.00032127974554896355
0,26,0.000309667178136469,0.00034124261583201587
0,27,0.0003093663115804601,0.0003144639194943011
0,28,0.000308074003180351,0.0003167645481880754
0,29,0.0003054707917315816,0.0003142796049360186
0,30,0.00030344095338929306,0.0003174927260261029
0,31,0.000304221826200201,0.00031397788552567363
0,32,0.0003002519758582046,0.0003117663145530969
0,33,0.0002991535353767513,0.00031881663016974926
0,34,0.0002972818634696995,0.00031216905335895717
0,35,0.00029568436565912434,0.0003185132227372378
0,36,0.0002941446725830988,0.00030858590616844594
0,37,0.000291421140725207,0.0003097235457971692
0,38,0.0002912547330337542,0.00030533381504938006
0,39,0.0002897374965422959,0.0003078324079979211
0,40,0.0002871528100394816,0.00030774614424444735
0,41,0.00028533006433604494,0.00032436754554510117
0,42,0.0002831069173256832,0.0003060796589124948
0,43,0.00028199327749165674,0.0003328730526845902
0,44,0.0002790563108606471,0.00030232363496907055
0,45,0.0002802248184258739,0.00030567546491511166
0,46,0.0002756725496146828,0.00029800471384078264
0,47,0.0002740940076549089,0.0003021314332727343
0,48,0.00027324595280784974,0.00029830101993866265
0,49,0.00027103337181594083,0.00030105889891274273
0,50,0.00026945804607950976,0.0002983546000905335
0,51,0.000268045100685278,0.00029865908436477184
0,52,0.0002654097499627689,0.0002966428583022207
0,53,0.00026401195176273446,0.00032089054002426565
0,54,0.0002633041373833462,0.00029367758543230593
0,55,0.0002616943455973847,0.0002942480205092579
0,56,0.0002609349413800778,0.000295078381896019
0,57,0.0002605467241955921,0.00029256296693347394
0,58,0.000258119334565924,0.000312719086650759
0,59,0.00025710005783131,0.00029333410202525556
0,60,0.0002554185543278301,0.0002997768169734627
0,61,0.0002553214417097883,0.0002941607090178877
0,62,0.00025338373433246656,0.00029975431971251965
0,63,0.00025134960463684466,0.0003021690936293453
0,64,0.0002509839608920393,0.0003057657741010189
0,65,0.0002511050024294053,0.0002953204675577581
0,66,0.00025095922080799936,0.0002964013547170907
0,67,0.0002479221253845565,0.0002946472668554634
1,1,0.01972639951137481,0.011894447728991508
1,2,0.007080526907617847,0.0026765523944050074
1,3,0.0012344667254947125,0.0005413293838500977
1,4,0.000504267796865423,0.00045296124881133437
1,5,0.0004349034078315728,0.0004051869618706405
1,6,0.00038924622820276354,0.0003749786992557347
1,7,0.00036538185244771064,0.0003619134658947587
1,8,0.0003514477699236185,0.00034803172457031906
1,9,0.0003397041223857,0.00035830371780321
1,10,0.00033387652673344645,0.0003377989341970533
1,11,0.00032736117657515464,0.0003333157510496676
1,12,0.00032181404607749926,0.0003310253086965531
1,13,0.0003167122205702105,0.0003252337337471545
1,14,0.00031173182641914876,0.0003222705563530326
1,15,0.00030999890161264275,0.00032689765794202685
1,16,0.0003079349691979587,0.00032201153226196766
1,17,0.0003044472432143434,0.0003211775911040604
1,18,0.00030280661106075123,0.00031915729050524533
1,19,0.0002997050444957697,0.00031827486236579716
1,20,0.0002973838114110684,0.0003148191317450255
1,21,0.00029447390890197344,0.00031618360662832856
1,22,0.00029342527731528715,0.00031782142468728125
1,23,0.00029410865000897537,0.0003129607066512108
1,24,0.00029017264263152525,0.00030962773598730564
1,25,0.00028753845689438837,0.00031258261878974736
1,26,0.00028752079897525687,0.0003098706074524671
1,27,0.0002862723017697809,0.00030843939748592675
1,28,0.000283201812516415,0.0003086354990955442
1,29,0.00028146540619329444,0.00031552169821225107
1,30,0.0002806571159184117,0.0003086725191678852
1,31,0.0002793371813647725,0.0003034383407793939
1,32,0.00027791159179199626,0.00030317067285068333
1,33,0.0002775396507112654,0.00030717949266545475
1,34,0.0002756506150191719,0.0003038356953766197
1,35,0.00027563243486090666,0.0003016077389474958
1,36,0.0002733687572094991,0.00030470191268250346
1,37,0.00027196179405372174,0.0003005031030625105
1,38,0.00027099904512848565,0.00029972504125908017
1,39,0.0002696027742241751,0.00030338726355694234
1,40,0.00026786178752297054,0.00030194883584044874
1,41,0.00026705703725693404,0.0002967221662402153
1,42,0.0002653923985996732,0.00029521819669753313
1,43,0.00026574565122697367,0.00029697458376176655
1,44,0.00026433681574201696,0.00029582754359580576
1,45,0.0002617300438168631,0.0002928407920990139
1,46,0.0002595603319523097,0.00029304553754627705
1,47,0.0002595249478989798,0.00029387808172032237
1,48,0.00025841016355574267,0.0002980176650453359
1,49,0.00025670197139563105,0.00032056833151727915
1,50,0.00025722884500606195,0.0002917628444265574
1,51,0.000256351101755475,0.0002937566314358264
1,52,0.00025351745266191384,0.0002912371710408479
1,53,0.000253452585225373,0.0002963610750157386
1,54,0.0002518797947128338,0.0002953119692392647
1,55,0.0002511418140579567,0.0002920422120951116
1,56,0.0002530634498430623,0.00029336093575693667
1,57,0.00025075444445031244,0.00029585283482447267
1,58,0.0002492461114932128,0.000292584125418216
1,59,0.00024852916248211705,0.00029357531457208097
1,60,0.0002476423553803384,0.00028933954308740795
1,61,0.0002473722173642643,0.0002954060328193009
1,62,0.00024694330994194994,0.00029312391416169703
1,63,0.000245160424077228,0.0002937075914815068
1,64,0.00024751341135965455,0.00029144875588826835
1,65,0.00024362042256096308,0.00029646980692632496
1,66,0.00024369693223680197,0.00029318471206352115
1,67,0.0002425798965462794,0.0003022576856892556
1,68,0.00024090778167118077,0.00028899210155941546
1,69,0.00024293855973519385,0.00028888153610751033
1,70,0.00024068323404666174,0.0002945907472167164
1,71,0.00023954294133000077,0.00029865899705328047
1,72,0.00023908714336101655,0.00028932257555425167
1,73,0.00024187201932417574,0.0002956039388664067
1,74,0.00023811992469968067,0.0002895351208280772
1,75,0.00023780391631320256,0.00029347126837819815
1,76,0.00023722671209489582,0.0002959438133984804
1,77,0.00023623114406924557,0.0002936001983471215
1,78,0.00023611900864031028,0.0002950989583041519
1,79,0.00023719199895168896,0.00030409745522774756
2,1,0.02095687366111411,0.010660427622497082
2,2,0.006054719129508292,0.0022372202947735786
2,3,0.001105360771443143,0.0005406533018685877
2,4,0.0005003790691391461,0.0004456157621461898
2,5,0.00044581425997980493,0.0004184606368653476
2,6,0.0004203131714646049,0.0004014231381006539
2,7,0.00039725922231769394,0.00037810488720424473
2,8,0.00037878239917982784,0.00036369162262417376
2,9,0.0003620001712762233,0.00034983365912921727
2,10,0.00034993170028448935,0.0003465620393399149
2,11,0.00034377871328723374,0.00033807760337367654
2,12,0.0003356256610886366,0.0003398190310690552
2,13,0.0003312892968231743,0.0003324752615299076
2,14,0.00032679132652399995,0.00033000990515574813
2,15,0.00032534865289064193,0.000329177564708516
2,16,0.0003209088828449172,0.00033544949837960303
2,17,0.0003176562305005198,0.0003249265137128532
2,18,0.0003178634477727529,0.0003322527918498963
2,19,0.00031446729400367646,0.00032193283550441265
2,20,0.00031019674533874623,0.0003208077687304467
2,21,0.0003082618937068791,0.00032121106050908566
2,22,0.00030688944026931295,0.00033424003049731255
2,23,0.0003028672034162338,0.00032419481431134045
2,24,0.00029970255113827683,0.0003205282555427402
2,25,0.0003001526871661621,0.00031670977477915585
2,26,0.00029666607099136823,0.00031312217470258474
2,27,0.00029436508756717323,0.00035391157143749297
2,28,0.00029518464184366165,0.00031172350281849504
2,29,0.0002938198508970715,0.00031138051417656243
2,30,0.00028871427421216613,0.00030953477835282683
2,31,0.00028683297713804576,0.00030922828591428697
2,32,0.00028517427163077865,0.00031179291545413435
2,33,0.0002839292898877627,0.0003105219511780888
2,34,0.0002826364370563102,0.0003196435864083469
2,35,0.0002815336917302813,0.0003224280953872949
2,36,0.00028053519145275154,0.0003100013709627092
2,37,0.0002775111628730816,0.00030966990743763745
2,38,0.00027985552883775974,0.00031132527510635555
2,39,0.00027539470899608676,0.00031047058291733265
2,40,0.00027469439126758113,0.00030644494108855724
2,41,0.00027326455161285896,0.0003062055038753897
2,42,0.0002715598254861241,0.0003235524636693299
2,43,0.0002722030449744866,0.00030336453346535563
2,44,0.0002684638627321908,0.0003075152635574341
2,45,0.00026818607567326617,0.00030281353974714875
2,46,0.00026671217840716795,0.0003058093716390431
2,47,0.0002675224657437799,0.0003094673156738281
2,48,0.0002641232432625084,0.000306421221466735
2,49,0.00026416299394676807,0.0003072742838412523
2,50,0.00026183355953199447,0.0003068786463700235
2,51,0.0002619271421701544,0.00030453596264123917
2,52,0.00025997110677417366,0.000305743858916685
2,53,0.00025833194602401584,0.0003055896668229252
2,54,0.0002584755032719975,0.00030901285936124623
2,55,0.0002571753549035984,0.0003066861245315522
3,1,0.0205941290182096,0.012053108774125576
3,2,0.007330511057335469,0.0027993328403681517
3,3,0.0012635583697680245,0.0005503846914507449
3,4,0.0004938157987435935,0.00044131471076980233
3,5,0.00044600115477590375,0.00041475315811112523
3,6,0.0004202825090830663,0.000392695190384984
3,7,0.00039549865364959396,0.0003737595397979021
3,8,0.00037560811500858375,0.00035971670877188444
3,9,0.00036030779727217225,0.00035385251976549625
3,10,0.00035124980266792354,0.00034727322054095566
3,11,0.00034492896788719074,0.00035046946140937507
3,12,0.00034004196169768906,0.00034254626370966434
3,13,0.0003350160389845432,0.0003445166803430766
3,14,0.00033215960724865674,0.00034508711542002857
3,15,0.0003303320514365893,0.0003320123942103237
3,16,0.000327436366825606,0.00033081817673519254
3,17,0.00032502626242219575,0.0003286512801423669
3,18,0.00032480133139890517,0.0003263524267822504
3,19,0.0003211387610321657,0.00032405112870037556
3,20,0.000317096207368498,0.0003211575676687062
3,21,0.0003153594729438838,0.000322806736221537
3,22,0.0003135582491307071,0.00032060235389508307
3,23,0.00031261791673454424,0.0003273999027442187
3,24,0.00030898441026780616,0.00031533927540294826
3,25,0.00030680141496230605,0.0003147830138914287
3,26,0.00030814839453712384,0.0003148196847178042
3,27,0.00030527458234724624,0.0003182602522429079
3,28,0.0003015790215038039,0.00031261317781172693
3,29,0.0002993364590737555,0.0003115669824182987
3,30,0.0002978503606713342,0.0003277287178207189
3,31,0.00029821112625197404,0.00031256937654688954
3,32,0.00029323166518265177,0.00030978594440966845
3,33,0.00029275848619053483,0.00031277904054149985
3,34,0.00029019121552334616,0.0003095361462328583
3,35,0.0002882988517500322,0.0003118092135991901
3,36,0.0002857959351191918,0.0003089167585130781
3,37,0.0002863204689886145,0.00030296770273707807
3,38,0.0002824648203397239,0.00031013242551125586
3,39,0.00028048094968242504,0.00030197054729796946
3,40,0.00027974917113574016,0.0002992990193888545
3,41,0.0002782005013604821,0.00030144062475301325
3,42,0.0002758006346541353,0.0002989014610648155
3,43,0.00027301294842510727,0.0002975012466777116
3,44,0.0002722197269279234,0.00029846158577129245
3,45,0.0002746818555708699,0.00029847404221072793
3,46,0.00026856445624596543,0.00029718654695898294
3,47,0.00026794776292862716,0.00029992067720741034
3,48,0.00026536147412844,0.00029398800688795745
3,49,0.0002650179276630903,0.0002970173372887075
3,50,0.0002640461637121108,0.00030886908643878996
3,51,0.0002612949192127282,0.0002940166450571269
3,52,0.0002609298296738416,0.00029062319663353264
3,53,0.0002589316527635135,0.00029341535991989076
3,54,0.0002571428743346284,0.00030305987456813455
3,55,0.00025724747780434513,0.00029417569749057293
3,56,0.00025650466593517057,0.0002955400268547237
3,57,0.00025686844495228595,0.0003001414006575942
3,58,0.00025390393123961985,0.00030681383213959634
3,59,0.0002538254933207537,0.00029213386005721986
3,60,0.0002509542169670264,0.00029683808679692447
3,61,0.0002503425788729348,0.0003002503071911633
3,62,0.00024995021933379275,0.0003019701689481735
4,1,0.0339281685884904,0.015344703570008278
4,2,0.011075001925092053,0.00657211197540164
4,3,0.0035342761802797515,0.0012346934527158737
4,4,0.000723307009174109,0.0004752642416860908
4,5,0.0004663679242151341,0.00043988326797261834
4,6,0.0004391011741891917,0.0004203770949970931
4,7,0.0004205609224391756,0.000404921593144536
4,8,0.0004072528263657457,0.00040655620978213847
4,9,0.0003975664523378428,0.00038266865885816514
4,10,0.00038830119887090945,0.00037697641528211534
4,11,0.00038134454154512947,0.00037159700877964497
4,12,0.00037557524262444566,0.000365375482942909
4,13,0.0003673928226861689,0.0003615116875153035
4,14,0.000362314887991589,0.00035871873842552304
4,15,0.0003574183539452928,0.00035194004885852337
4,16,0.0003530034410629284,0.0003681490779854357
4,17,0.00034750739861003776,0.0003547808446455747
4,18,0.00034451379149255375,0.00034604064421728253
4,19,0.00034175588981317427,0.0003439011052250862
4,20,0.000335594981710461,0.00033819011878222227
4,21,0.0003334259390658526,0.0003405247407499701
4,22,0.0003278375784392227,0.000337454053806141
4,23,0.0003231262588545818,0.00034416536800563335
4,24,0.00032359433788116333,0.0003312469634693116
4,25,0.0003200265324967741,0.00033409352181479335
4,26,0.00031559072852272677,0.00032976100919768214
4,27,0.00031526406087774647,0.0003325637662783265
4,28,0.00031037730196732335,0.00032514065969735384
4,29,0.00030966735853710107,0.000321016093948856
4,30,0.0003068754710343287,0.00032118571107275784
4,31,0.00030511746721135244,0.0003197671612724662
4,32,0.00030428702919743953,0.00031858193688094616
4,33,0.00030298397623657904,0.0003206116962246597
4,34,0.0002993720636996268,0.00031657220097258687
4,35,0.00029597308259043427,0.0003207867848686874
4,36,0.00029460081534839617,0.00031835888512432575
4,37,0.0002924983654671383,0.00031584216048941016
4,38,0.00029291712202097255,0.00031244594720192254
4,39,0.0002905335360448118,0.00032427124097011983
4,40,0.00028987886381542515,0.00031397389830090106
4,41,0.0002876171306965666,0.00030964086181484163
4,42,0.0002863734228950408,0.00031844634213484824
4,43,0.000285130784984816,0.0003104218340013176
4,44,0.0002844905456769522,0.00031391470110975206
4,45,0.0002834001046829615,0.00031104005756787956
4,46,0.0002812835720229756,0.0003071623796131462
4,47,0.0002801403967120374,0.0003095142892561853
4,48,0.0002782710557501694,0.0003212337614968419
4,49,0.0002791357737733051,0.0003139848413411528
4,50,0.000277088058879599,0.0003072139516007155
4,51,0.00027551496568722304,0.00030837327358312905
4,52,0.00027363853478217843,0.0003036223934032023
4,53,0.0002759700809881367,0.00030605832580477
4,54,0.0002723630034511357,0.0003081158793065697
4,55,0.0002706213610470985,0.00031389767536893487
4,56,0.00026955884283287796,0.0003040405281353742
4,57,0.00026944196606227367,0.0003014485409948975
4,58,0.0002676010682825344,0.0003083432384300977
4,59,0.00026733851105975056,0.000303521694149822
4,60,0.0002650036822909627,0.0002991575456690043
4,61,0.00026686407044892096,0.00030247948598116636
4,62,0.0002628521168845947,0.00030720813083462417
4,63,0.00026284179851171317,0.00029751230613328516
4,64,0.0002625519419865062,0.0003031012893188745
4,65,0.000261660402269896,0.0003012408269569278
4,66,0.0002599437531704704,0.00029788666870445013
4,67,0.00025925247921366936,0.0002998270792886615
4,68,0.0002569731073540256,0.00029695677221752703
4,69,0.00025608010387427556,0.00029726282809861004
4,70,0.0002575029048603028,0.00031357642728835344
4,71,0.0002541222327466433,0.00029836062458343804
4,72,0.00025360777063502204,0.00029837392503395677
4,73,0.00025168989058066573,0.0002961152349598706
4,74,0.00025078056055483305,0.00029915099730715156
4,75,0.00024956103136193836,0.00029616960091516376
4,76,0.0002488681272974376,0.00029637187253683805
4,77,0.00024886769335716964,0.0002936521777883172
4,78,0.0002460417420499855,0.00029590653139166534
4,79,0.000247100610868074,0.000294404017040506
4,80,0.0002455155169763775,0.0002938830293715
5,1,0.026059063980424846,0.013227851130068302
5,2,0.008212675716383037,0.003000065451487899
5,3,0.0013420767782221514,0.0005640395684167743
5,4,0.0005055502390109555,0.00045424545533023775
5,5,0.00044648750285893957,0.0004204243596177548
5,6,0.0004179567828239804,0.0003986173833254725
5,7,0.0003995232628227246,0.00038829923141747713
5,8,0.00038694153987388645,0.0003783882420975715
5,9,0.00037258098719434603,0.0003687725111376494
5,10,0.00036204652180377807,0.00035750583629123867
5,11,0.0003548385897323627,0.00035226065665483475
5,12,0.00035017745178710254,0.000347195309586823
5,13,0.0003463030315556184,0.00034348302870057523
5,14,0.0003422407411056122,0.0003614638408180326
5,15,0.000337128327012545,0.0003397890832275152
5,16,0.00033275042344919507,0.0003577210591174662
5,17,0.0003312285509546874,0.0003327944432385266
5,18,0.000326601621505149,0.0003311771433800459
5,19,0.00032249395919239357,0.0003282170509919524
5,20,0.00031858077350383005,0.00032832156284712255
5,21,0.0003155881186550552,0.0003301611286588013
5,22,0.0003104198205207164,0.00032581351115368307
5,23,0.00030870124933965226,0.0003192185249645263
5,24,0.0003060615570111959,0.00033369968878105283
5,25,0.0002999298409472599,0.000315311539452523
5,26,0.000299485909976755,0.0003261161036789417
5,27,0.00029657532272136047,0.00031813947134651244
5,28,0.00029447648489709806,0.0003168746188748628
5,29,0.0002903933169371966,0.00031059724278748035
5,30,0.0002886427378333691,0.00032190486672334373
5,31,0.00028537718981883867,0.00032118699164129794
5,32,0.00028774175308299835,0.00031086328090168536
5,33,0.00028504855117622623,0.0003078916925005615
5,34,0.0002826556386081157,0.00030606085783801973
5,35,0.000280902784007291,0.0003065635683014989
5,36,0.0002794694373366871,0.00031570560531690717
5,37,0.00027959462294044595,0.0003093860868830234
5,38,0.00027963401480681367,0.0003048116050194949
5,39,0.00027749049161664315,0.00030644601793028414
5,40,0.0002771964979495991,0.0003112573176622391
5,41,0.0002747686044528597,0.0003051510429941118
5,42,0.00027455801438298764,0.0003095325955655426
5,43,0.0002722378167220288,0.0003035586269106716
5,44,0.0002705199516300733,0.00030416870140470564
5,45,0.0002695827200163708,0.0003035834524780512
5,46,0.0002699254842871731,0.000305331835988909
5,47,0.00026733387996339135,0.0003037088899873197
5,48,0.0002670571230765846,0.0003063851036131382
5,49,0.00026536424621439504,0.00031535769812762737
5,50,0.0002653282400160269,0.00030145354685373604
5,51,0.000265088644232256,0.00030127097852528095
5,52,0.0002635723893116746,0.00030941757722757757
5,53,0.0002629138136851705,0.0003014929825440049
5,54,0.0002617066292161191,0.00030083247111178935
5,55,0.0002608232977196436,0.0002995413960888982
5,56,0.00025931495948936103,0.0003051282837986946
5,57,0.00025846843844866033,0.00030573419644497335
5,58,0.00025687201500922027,0.00029988359892740846
5,59,0.00025848143106257476,0.0003019351279363036
5,60,0.00025523581620547233,0.0003008261846844107
5,61,0.0002550462138476885,0.00030197479645721614
5,62,0.0002560038363854228,0.000301583408145234
5,63,0.0002556612661487802,0.00030728537240065634
5,64,0.0002526365097232715,0.0002985534956678748
5,65,0.00025435754284262657,0.00030830997275188565
5,66,0.00025219250687708456,0.0003039793809875846
5,67,0.00025039175182960376,0.00030241080094128847
5,68,0.000249760842610461,0.0003256987838540226
5,69,0.0002515161719121453,0.00029720590100623667
5,70,0.00024991956913705777,0.0002964819432236254
5,71,0.0002460343807685637,0.00029912948957644403
5,72,0.00024544136323189985,0.0003016210102941841
5,73,0.00024536913529003937,0.00030642657657153904
5,74,0.0002450247428086759,0.00030046861502341926
5,75,0.00024296139866217142,0.0003019614960066974
5,76,0.00024389671007843896,0.0002987357147503644
5,77,0.00024196318733609384,0.0003080659080296755
5,78,0.00024143486372971287,0.0002984377206303179
5,79,0.00024089050287363567,0.00029784662183374166
5,80,0.0002402048940701341,0.000301527907140553
6,1,0.02351343380935766,0.01111720409244299
6,2,0.006993304486351984,0.002865411341190338
6,3,0.0013403750548346175,0.0005378581117838621
6,4,0.0004815161084083633,0.0004231816856190562
6,5,0.000424928827409598,0.0003938231384381652
6,6,0.00039430857357500054,0.00037783494917675853
6,7,0.00037752280959480063,0.00036779206129722297
6,8,0.00036201366617482294,0.00035357646993361413
6,9,0.0003503604055882466,0.0003464581386651844
6,10,0.00034217765731564553,0.0003391249047126621
6,11,0.00033543822012358795,0.0003474302648101002
6,12,0.00032941795143091846,0.0003310592146590352
6,13,0.00032726916614747435,0.00033143218024633825
6,14,0.0003222078414875324,0.0003279180091340095
6,15,0.00031694715305369487,0.00032904636464081705
6,16,0.00031446425949602767,0.00032589404145255685
6,17,0.00031026686951345593,0.00032366145751439035
6,18,0.00030817637827971746,0.00032478279899805784
6,19,0.0003069798321014753,0.00031803548336029053
6,20,0.00030449627176858487,0.00032015846227295697
6,21,0.00030213718874276513,0.0003206230467185378
6,22,0.00030218441530855165,0.0003192550502717495
6,23,0.000298654701302035,0.00031590709113515913
6,24,0.00029695094198298953,0.00031977385515347123
6,25,0.00029553783076159934,0.00031390530057251453
6,26,0.00029536252549883945,0.00032467511482536793
6,27,0.00029148464434331764,0.00031722549465484917
6,28,0.00029049407480353557,0.00030901251011528075
6,29,0.0002884776596609434,0.0003098515735473484
6,30,0.0002860116839357134,0.0003122467896901071
6,31,0.00028550881678583446,0.0003079149464610964
6,32,0.00028321868868079036,0.00031064721406437457
6,33,0.0002830243727011192,0.0003096802392974496
6,34,0.000283236094293426,0.00031059212051331997
6,35,0.0002782844196168568,0.00030664840596728027
6,36,0.0002792734870109362,0.00030507685733027756
6,37,0.00027514305731919767,0.00031292971107177436
6,38,0.00027457285324042596,0.00030527912895195186
6,39,0.00027169363640455735,0.00031171919545158744
6,40,0.00027207498506780854,0.0003020353615283966
6,41,0.00026839118486235815,0.0003215348697267473
6,42,0.0002686153680336213,0.00030196571606211364
6,43,0.00026638388887254726,0.0002999546704813838
6,44,0.00026511511923227874,0.00030553716351278126
6,45,0.0002631285438934962,0.00031594224856235087
6,46,0.00026249053349494244,0.000306367757730186
6,47,0.00026063466177287477,0.0003061993629671633
6,48,0.00025965413057969675,0.0003185973910149187
6,49,0.00025823481192087963,0.0002996772527694702
6,50,0.0002556906846369168,0.00029869269928894937
6,51,0.0002567401036223466,0.00030033959774300456
6,52,0.00025207360633821397,0.0003074060950893909
6,53,0.00025104843530183036,0.0002996080438606441
6,54,0.00025057540439431454,0.00029834776069037616
6,55,0.0002501062658287723,0.00029747767257504165
6,56,0.0002488352821199913,0.000299749051919207
6,57,0.00024682472779467287,0.00030850557959638536
6,58,0.00024620655186784765,0.00029870658181607723
6,59,0.0002446058071563365,0.0002982348087243736
6,60,0.00024296942444656183,0.00030466102180071175
6,61,0.00024284904233731882,0.00030772783793509007
6,62,0.00024196008504023432,0.00029875803738832474
6,63,0.00024225287601627686,0.00033878651447594166
6,64,0.0002393130667085104,0.00030177267035469413
6,65,0.00023808315371301163,0.000301188207231462
